<aetgt:getResponse xmlns:aetgt="http://schemas.active-endpoints.com/appmodules/repository/2010/10/avrepository.xsd"
                   xmlns:types1="http://schemas.active-endpoints.com/appmodules/repository/2010/10/avrepository.xsd">
   <types1:Item>
      <types1:EntryId>vyoY2G7QnG5YLnz-gt-9951919-2019-02-13T11:20:03.935Z::tf.xml</types1:EntryId>
      <types1:Name>Complex_Orchestration_param_loops-1</types1:Name>
      <types1:MimeType>application/xml+taskflow</types1:MimeType>
      <types1:Description/>
      <types1:AppliesTo/>
      <types1:Tags/>
      <types1:VersionLabel>1.0</types1:VersionLabel>
      <types1:State>CURRENT</types1:State>
      <types1:ProcessGroup/>
      <types1:CreatedBy>rasjoshi@elevate.informatica.com</types1:CreatedBy>
      <types1:CreationDate>2019-02-13T11:20:04Z</types1:CreationDate>
      <types1:ModifiedBy>padmamp@informatica.com</types1:ModifiedBy>
      <types1:ModificationDate>2019-04-12T10:56:46Z</types1:ModificationDate>
      <types1:PublicationStatus>out-of-date</types1:PublicationStatus>
      <types1:PublishedBy>rasjoshi@elevate.informatica.com</types1:PublishedBy>
      <types1:PublicationDate>2019-02-13T11:58:14Z</types1:PublicationDate>
      <types1:PublishedContributionId>project:/tf.Complex_Orchestration_param_loops-1/Complex_Orchestration_param_loops-1.tf.xml</types1:PublishedContributionId>
      <types1:AutosaveExists>false</types1:AutosaveExists>
      <types1:Entry>
         <taskflow xmlns="http://schemas.active-endpoints.com/appmodules/screenflow/2010/10/avosScreenflow.xsd"
                   xmlns:list="urn:activevos:spi:list:functions"
                   displayName="Complex Orchestration param &amp; loops"
                   name="Complex_Orchestration_param_loops-1">
            <appliesTo/>
            <description/>
            <tags/>
            <generator>Informatica Process Designer 9</generator>
            <input>
               <parameter description="" name="Stage Salesforce Accounts" type="reference">
                  <options>
                     <option name="isCopy"/>
                     <option name="referenceTo">$po:MCT-Stage-Salesforce-Accounts</option>
                  </options>
               </parameter>
               <parameter description="" name="Stage Salesforce Leads" type="reference">
                  <options>
                     <option name="isCopy"/>
                     <option name="referenceTo">$po:MCT-Stage-Salesforce-Leads</option>
                  </options>
               </parameter>
               <parameter description="" name="Generate Opportunities" type="reference">
                  <options>
                     <option name="isCopy"/>
                     <option name="referenceTo">$po:MCT-match-Accconts-Leads-Generate-Opportunities</option>
                  </options>
               </parameter>
            </input>
            <tempFields>
               <field description="" name="StagingStatus" type="string">
                  <options>
                     <option name="required">false</option>
                  </options>
               </field>
               <field description="" name="NoMatchFoundCount" type="int">
                  <options>
                     <option name="required">false</option>
                  </options>
               </field>
               <field description="" name="StagingFailureCount" type="int">
                  <options>
                     <option name="required">false</option>
                  </options>
               </field>
               <field description="" name="ExecutionStatus" type="string">
                  <options>
                     <option name="required">false</option>
                  </options>
               </field>
            </tempFields>
            <notes/>
            <deployment suspendOnFault="true" tracingLevel="verbose">
               <rest/>
            </deployment>
            <flow id="a">
               <start id="b">
                  <link id="js33qyz6" targetId="js33qyya"/>
               </start>
               <assignment id="js33qyya">
                  <title>Assigning Default values for looping properties</title>
                  <operation source="constant" to="temp.StagingFailureCount">0</operation>
                  <operation source="constant" to="temp.NoMatchFoundCount">0</operation>
                  <link id="js33qyzc" targetId="js33qyzb"/>
               </assignment>
               <assignment id="js33qyzb">
                  <title>Setting execution status</title>
                  <operation source="formula" to="temp.ExecutionStatus">
                     <expression language="XQuery">if($temp.NoMatchFoundCount &lt; 2  and $temp.StagingFailureCount &lt; 2) then 'Yes'
else 'No'</expression>
                  </operation>
                  <link id="js33qyzk" targetId="js33qyzj"/>
               </assignment>
               <container id="js33qyzj" type="exclusive">
                  <title>Should we execute?</title>
                  <flow id="js33qyzn">
                     <container id="js33qz0f" type="parallel">
                        <title>Parallel Paths 1</title>
                        <flow id="js33qz0h">
                           <eventContainer id="js33qz18">
                              <service id="js33qz0r">
                                 <title>Stage Salesforce Accounts</title>
                                 <serviceName>ICSExecuteDataTask</serviceName>
                                 <serviceGUID/>
                                 <serviceInput>
                                    <parameter name="Wait for Task to Complete" source="constant" updatable="true">true</parameter>
                                    <parameter name="Max Wait" source="constant" updatable="true">86400</parameter>
                                    <parameter name="Task Name" source="constant" updatable="true">MCT Stage Salesforce Accounts</parameter>
                                    <parameter name="GUID" source="constant" updatable="true">cXvnNVs6qK5lXr8qVm4IeP</parameter>
                                    <parameter name="Task Type" source="constant" updatable="true">MCT</parameter>
                                    <parameter name="Has Inout Parameters" source="constant" updatable="true">false</parameter>
                                    <parameter name="taskField" source="nested">
                                       <operation source="field" to="MCT-Stage-Salesforce-Accounts">input.Stage Salesforce Accounts</operation>
                                    </parameter>
                                 </serviceInput>
                                 <serviceOutput>
                                    <operation source="field" to="input.Stage Salesforce Accounts/output">Success Source Rows</operation>
                                    <operation source="field" to="input.Stage Salesforce Accounts/output/Object_Name">Object Name</operation>
                                    <operation source="field" to="input.Stage Salesforce Accounts/output/Run_Id">Run Id</operation>
                                    <operation source="field" to="input.Stage Salesforce Accounts/output/Log_Id">Log Id</operation>
                                    <operation source="field" to="input.Stage Salesforce Accounts/output/Task_Status">Task Status</operation>
                                    <operation source="field"
                                               to="input.Stage Salesforce Accounts/output/Success_Source_Rows">Success Source Rows</operation>
                                    <operation source="field"
                                               to="input.Stage Salesforce Accounts/output/Failed_Source_Rows">Failed Source Rows</operation>
                                    <operation source="field"
                                               to="input.Stage Salesforce Accounts/output/Success_Target_Rows">Success Target Rows</operation>
                                    <operation source="field"
                                               to="input.Stage Salesforce Accounts/output/Failed_Target_Rows">Failed Target Rows</operation>
                                    <operation source="field" to="input.Stage Salesforce Accounts/output/Start_Time">Start Time</operation>
                                    <operation source="field" to="input.Stage Salesforce Accounts/output/End_Time">End Time</operation>
                                    <operation source="field"
                                               to="input.Stage Salesforce Accounts/output/Error_Message">Error Message</operation>
                                 </serviceOutput>
                              </service>
                              <events>
                                 <catch faultField="input.Stage Salesforce Accounts/fault"
                                        id="js33qz16"
                                        interrupting="true"
                                        name="error">
                                    <suspend/>
                                 </catch>
                                 <catch faultField="input.Stage Salesforce Accounts/fault"
                                        id="js33qz17"
                                        interrupting="true"
                                        name="warning"/>
                              </events>
                           </eventContainer>
                           <link id="js33qz0i" targetId="js33qz0f" type="containerLink"/>
                        </flow>
                        <flow id="js33qz0k">
                           <eventContainer id="js33qz1k">
                              <service id="js33qz0y">
                                 <title>Stage Salesforce Leads</title>
                                 <serviceName>ICSExecuteDataTask</serviceName>
                                 <serviceGUID/>
                                 <serviceInput>
                                    <parameter name="Wait for Task to Complete" source="constant" updatable="true">true</parameter>
                                    <parameter name="Max Wait" source="constant" updatable="true">86400</parameter>
                                    <parameter name="Task Name" source="constant" updatable="true">MCT Stage Salesforce Leads</parameter>
                                    <parameter name="GUID" source="constant" updatable="true">lljLR4zESOQfmXF92aXV88</parameter>
                                    <parameter name="Task Type" source="constant" updatable="true">MCT</parameter>
                                    <parameter name="Has Inout Parameters" source="constant" updatable="true">false</parameter>
                                    <parameter name="taskField" source="nested">
                                       <operation source="field" to="MCT-Stage-Salesforce-Leads">input.Stage Salesforce Leads</operation>
                                    </parameter>
                                 </serviceInput>
                                 <serviceOutput>
                                    <operation source="field" to="input.Stage Salesforce Leads/output">Success Source Rows</operation>
                                    <operation source="field" to="input.Stage Salesforce Leads/output/Object_Name">Object Name</operation>
                                    <operation source="field" to="input.Stage Salesforce Leads/output/Run_Id">Run Id</operation>
                                    <operation source="field" to="input.Stage Salesforce Leads/output/Log_Id">Log Id</operation>
                                    <operation source="field" to="input.Stage Salesforce Leads/output/Task_Status">Task Status</operation>
                                    <operation source="field"
                                               to="input.Stage Salesforce Leads/output/Success_Source_Rows">Success Source Rows</operation>
                                    <operation source="field"
                                               to="input.Stage Salesforce Leads/output/Failed_Source_Rows">Failed Source Rows</operation>
                                    <operation source="field"
                                               to="input.Stage Salesforce Leads/output/Success_Target_Rows">Success Target Rows</operation>
                                    <operation source="field"
                                               to="input.Stage Salesforce Leads/output/Failed_Target_Rows">Failed Target Rows</operation>
                                    <operation source="field" to="input.Stage Salesforce Leads/output/Start_Time">Start Time</operation>
                                    <operation source="field" to="input.Stage Salesforce Leads/output/End_Time">End Time</operation>
                                    <operation source="field" to="input.Stage Salesforce Leads/output/Error_Message">Error Message</operation>
                                 </serviceOutput>
                              </service>
                              <events>
                                 <catch faultField="input.Stage Salesforce Leads/fault"
                                        id="js33qz1i"
                                        interrupting="true"
                                        name="error">
                                    <suspend/>
                                 </catch>
                                 <catch faultField="input.Stage Salesforce Leads/fault"
                                        id="js33qz1j"
                                        interrupting="true"
                                        name="warning"/>
                              </events>
                           </eventContainer>
                           <link id="js33qz0l" targetId="js33qz0f" type="containerLink"/>
                        </flow>
                        <link id="js33qz0j" targetId="js33qz0k" type="containerLink"/>
                        <link id="js33qz2f" targetId="js33qz2e"/>
                        <link id="js33qz0g" targetId="js33qz0h" type="containerLink"/>
                     </container>
                     <container id="js33qz2z" type="exclusive">
                        <title>Did we stage?</title>
                        <flow id="js33qz32">
                           <eventContainer id="js33qz5z">
                              <service id="js33qz5l">
                                 <title>Generate Opportunities</title>
                                 <serviceName>ICSExecuteDataTask</serviceName>
                                 <serviceGUID/>
                                 <serviceInput>
                                    <parameter name="Wait for Task to Complete" source="constant" updatable="true">true</parameter>
                                    <parameter name="Max Wait" source="constant" updatable="true">86400</parameter>
                                    <parameter name="Task Name" source="constant" updatable="true">MCT match_Accconts_Leads_Generate_Opportunities</parameter>
                                    <parameter name="GUID" source="constant" updatable="true">6eVnJuzyJA1lIriK6gdUAv</parameter>
                                    <parameter name="Task Type" source="constant" updatable="true">MCT</parameter>
                                    <parameter name="Has Inout Parameters" source="constant" updatable="true">false</parameter>
                                    <parameter name="taskField" source="nested">
                                       <operation source="field" to="MCT-match-Accconts-Leads-Generate-Opportunities">input.Generate Opportunities</operation>
                                    </parameter>
                                 </serviceInput>
                                 <serviceOutput>
                                    <operation source="field" to="input.Generate Opportunities/output">Success Source Rows</operation>
                                    <operation source="field" to="input.Generate Opportunities/output/Object_Name">Object Name</operation>
                                    <operation source="field" to="input.Generate Opportunities/output/Run_Id">Run Id</operation>
                                    <operation source="field" to="input.Generate Opportunities/output/Log_Id">Log Id</operation>
                                    <operation source="field" to="input.Generate Opportunities/output/Task_Status">Task Status</operation>
                                    <operation source="field"
                                               to="input.Generate Opportunities/output/Success_Source_Rows">Success Source Rows</operation>
                                    <operation source="field"
                                               to="input.Generate Opportunities/output/Failed_Source_Rows">Failed Source Rows</operation>
                                    <operation source="field"
                                               to="input.Generate Opportunities/output/Success_Target_Rows">Success Target Rows</operation>
                                    <operation source="field"
                                               to="input.Generate Opportunities/output/Failed_Target_Rows">Failed Target Rows</operation>
                                    <operation source="field" to="input.Generate Opportunities/output/Start_Time">Start Time</operation>
                                    <operation source="field" to="input.Generate Opportunities/output/End_Time">End Time</operation>
                                    <operation source="field" to="input.Generate Opportunities/output/Error_Message">Error Message</operation>
                                 </serviceOutput>
                              </service>
                              <link id="js33qz6y" targetId="js33qz6x"/>
                              <events>
                                 <catch faultField="input.Generate Opportunities/fault"
                                        id="js33qz6c"
                                        interrupting="true"
                                        name="error">
                                    <suspend/>
                                 </catch>
                                 <catch faultField="input.Generate Opportunities/fault"
                                        id="js33qz6d"
                                        interrupting="true"
                                        name="warning"/>
                              </events>
                           </eventContainer>
                           <end id="js33qz6x"/>
                        </flow>
                        <flow id="js33qz35">
                           <assignment id="js33qz4b">
                              <title>Increment failed staging</title>
                              <operation source="formula" to="temp.StagingFailureCount">
                                 <expression language="XQuery">fn:sum($temp.StagingFailureCount, 1)</expression>
                              </operation>
                              <link id="js33qz52" targetId="js33qz50"/>
                           </assignment>
                           <jumpTo id="js33qz50">
                              <link id="js33qz51" targetId="js33qyzb"/>
                           </jumpTo>
                        </flow>
                        <link id="js33qz31" targetId="js33qz32" type="containerLink">
                           <condition source="formula">
                              <function name="string-equals">
                                 <arg name="left">{$temp.StagingStatus}</arg>
                                 <arg name="right">Yes</arg>
                              </function>
                           </condition>
                        </link>
                        <link id="js33qz34" targetId="js33qz35" type="containerLink"/>
                     </container>
                     <assignment id="js33qz2e">
                        <title>Staging Results</title>
                        <operation source="formula" to="temp.StagingStatus">
                           <expression language="XQuery">if($input.StageSalesforceAccounts[1]/output[1]/Task_Status  = '1' and $input.StageSalesforceLeads[1]/output[1]/Task_Status  = '1')
then 'Yes'
else 'No'</expression>
                        </operation>
                        <link id="js33qz30" targetId="js33qz2z"/>
                     </assignment>
                  </flow>
                  <flow id="js33qyzq">
                     <end id="js33qz0a">
                        <title>End</title>
                     </end>
                  </flow>
                  <link id="js33qyzm" targetId="js33qyzn" type="containerLink">
                     <condition source="formula">
                        <function name="string-equals">
                           <arg name="left">{$temp.ExecutionStatus}</arg>
                           <arg name="right">Yes</arg>
                        </function>
                     </condition>
                  </link>
                  <link id="js33qyzp" targetId="js33qyzq" type="containerLink"/>
               </container>
            </flow>
            <dependencies>
               <processObject xmlns="http://schemas.active-endpoints.com/appmodules/screenflow/2011/06/avosHostEnvironment.xsd"
                              displayName="MCT-Stage-Salesforce-Accounts"
                              isByCopy="true"
                              name="MCT-Stage-Salesforce-Accounts">
                  <description/>
                  <tags/>
                  <detail>
                     <field label="Input Parameters" name="input" type="reference"/>
                     <field label="Output Parameters" name="output" type="reference"/>
                     <field label="Fault" name="fault" type="reference"/>
                  </detail>
               </processObject>
               <processObject xmlns="http://schemas.active-endpoints.com/appmodules/screenflow/2011/06/avosHostEnvironment.xsd"
                              displayName="MCT-Stage-Salesforce-Leads"
                              isByCopy="true"
                              name="MCT-Stage-Salesforce-Leads">
                  <description/>
                  <tags/>
                  <detail>
                     <field label="Input Parameters" name="input" type="reference"/>
                     <field label="Output Parameters" name="output" type="reference"/>
                     <field label="Fault" name="fault" type="reference"/>
                  </detail>
               </processObject>
               <processObject xmlns="http://schemas.active-endpoints.com/appmodules/screenflow/2011/06/avosHostEnvironment.xsd"
                              displayName="MCT-match-Accconts-Leads-Generate-Opportunities"
                              isByCopy="true"
                              name="MCT-match-Accconts-Leads-Generate-Opportunities">
                  <description/>
                  <tags/>
                  <detail>
                     <field label="Output Parameters" name="output" type="reference"/>
                     <field label="Fault" name="fault" type="reference"/>
                  </detail>
               </processObject>
            </dependencies>
         </taskflow>
      </types1:Entry>
      <types1:GUID>fJTcjRkCbkEfqrStWHL7KX</types1:GUID>
      <types1:DisplayName>Complex Orchestration param &amp; loops</types1:DisplayName>
   </types1:Item>
   <types1:CurrentServerDateTime>2019-04-23T06:44:37.661Z</types1:CurrentServerDateTime>
</aetgt:getResponse>
