<aetgt:getResponse xmlns:aetgt="http://schemas.active-endpoints.com/appmodules/repository/2010/10/avrepository.xsd"
                   xmlns:types1="http://schemas.active-endpoints.com/appmodules/repository/2010/10/avrepository.xsd">
   <types1:Item>
      <types1:EntryId>GKrclvAhrswVYx8-gt-3285836-2019-02-15T09:36:45.525Z::svc.xml</types1:EntryId>
      <types1:Name>OpenWeatherMap-1</types1:Name>
      <types1:MimeType>application/xml+businesssconnector</types1:MimeType>
      <types1:Description/>
      <types1:AppliesTo/>
      <types1:Tags/>
      <types1:VersionLabel>1.0</types1:VersionLabel>
      <types1:State>CURRENT</types1:State>
      <types1:ProcessGroup/>
      <types1:CreatedBy>rasjoshi@elevate.informatica.com</types1:CreatedBy>
      <types1:CreationDate>2019-02-15T09:36:46Z</types1:CreationDate>
      <types1:ModifiedBy>padmamp@informatica.com</types1:ModifiedBy>
      <types1:ModificationDate>2019-04-12T10:56:33Z</types1:ModificationDate>
      <types1:PublicationStatus>unpublished</types1:PublicationStatus>
      <types1:AutosaveExists>false</types1:AutosaveExists>
      <types1:Entry>
         <businessConnector xmlns="http://schemas.informatica.com/socrates/data-services/2014/05/business-connector-model.xsd"
                            agentOnly="false"
                            debug="false"
                            displayName="OpenWeatherMap"
                            label=""
                            name="OpenWeatherMap-1"
                            uuid="c1d6f75d-b2ea-4f9f-ac13-35745d81946a">
            <description/>
            <tags/>
            <connectionAttributes xmlns="http://schemas.informatica.com/appmodules/screenflow/2014/04/avosConnectors.xsd">
               <connectionAttribute description=""
                                    masked="true"
                                    name="AppId"
                                    required="false"
                                    testWith=""
                                    type="string"/>
            </connectionAttributes>
            <actions>
               <action category=""
                       failOnError="true"
                       forSearch="false"
                       label="weather"
                       maxRedirects="100"
                       name="weather"
                       preemptiveAuth="true"
                       responseEncoding="">
                  <description/>
                  <input>
                     <parameter name="q" required="false" testWith="London" type="string"/>
                  </input>
                  <binding>
                     <restSimpleBinding multiUsing="semicolonSeparated"
                                        url="http://api.openweathermap.org/data/2.5/weather?appid={$AppId}"
                                        verb="GET">
                        <authentication>
                           <username>infaday_2019@informatica.com</username>
                           <password/>
                           <isExpressionInPassword>false</isExpressionInPassword>
                        </authentication>
                     </restSimpleBinding>
                  </binding>
                  <output>
                     <field description="" name="MaxTemp" property="temp_max" type="double"/>
                     <field description="" name="MinTemp" property="temp_min" type="double"/>
                     <field description=""
                            name="Visibility"
                            property="visibility"
                            type="double"/>
                     <field description="" name="WindSpeed" property="speed" type="double"/>
                  </output>
               </action>
            </actions>
            <objects/>
         </businessConnector>
      </types1:Entry>
      <types1:GUID>00fXX4WVciBllikOFvI2iz</types1:GUID>
      <types1:DisplayName>OpenWeatherMap</types1:DisplayName>
   </types1:Item>
   <types1:CurrentServerDateTime>2019-04-23T06:44:35.499Z</types1:CurrentServerDateTime>
</aetgt:getResponse>
