objectPath,objectName,objectType,id
/Explore/padma-training,CDI,Folder,4hyIMazQWQobvuwQxDDMka
/Explore/padma-training,map_Salesforce_to_FF,DTEMPLATE,9phosfpylGMlzLzkTvCtWb
/Explore/padma-training/CDI,GetAllMakesCar GetModelsForMake REST to S3,DTEMPLATE,85SMzeGkvc6bfBc9bMIG4R
/Explore/padma-training/CDI,MCT Stage Salesforce Leads,MTT,lljLR4zESOQfmXF92aXV88
/Explore/padma-training/CDI,Complex Orchestration param & loops,TASKFLOW,fJTcjRkCbkEfqrStWHL7KX
/SYS,REST_GetAllMakesCar_infaday,Connection,aUEN3EJBysZhqm0B7xZRUR
/Explore/padma-training,acmelogtxtwork,STRUCTURE_DISCOVERY,8oTwuWEnNjafpGZ0bBykwN
/SYS,amazons3_infaday,Connection,5uj6mJ1P0QGeUcP6Dxsiu7
/Explore/padma-training/CAI,SalesforcePadmaMP,AI_CONNECTION,7VnetZhXmjVhKEyjomMJUU
/SYS,flatfile_infaday,Connection,97LKhc12sZwaZX9OrW0Lif
/SYS,REST_GetModelsForMakeId_infaday,Connection,kuecoRzXwUGiWZ6G2aGsYi
/SYS,salesforce_infaday,Connection,bbEJ4fOQv8ydQxjOJbyYyN
/Explore/padma-training/CDI,map_match_Accounts_Leads_Generate_Opportunities,DTEMPLATE,9vUMKkkVMVHkI4kVgzgAiR
/Explore/padma-training/CAI,CreateContact,PROCESS,6gMhn3PexmmbFPEKVnIcGN
/Explore/padma-training/CDI,map_Salesforce_to_FF,DTEMPLATE,h7X85KN2fw3iQ8txpRZuaH
/Explore/padma-training/CAI,Hello World,PROCESS,6UrCC3UoUl2bGY9DYF0oEu
/SYS,Informatica Day,AgentGroup,2kpafFBA5h1bB35rf98cIe
/Explore/padma-training,CAI,Folder,4i3E6PGGRZMiun8qxK5Pub
/Explore,padma-training,Project,18wkfzFtwa2ky9zhylK3ue
/Explore/padma-training/CDI,MCT match_Accconts_Leads_Generate_Opportunities,MTT,6eVnJuzyJA1lIriK6gdUAv
/Explore/padma-training/CAI,OpenWeatherMap,AI_SERVICE_CONNECTOR,00fXX4WVciBllikOFvI2iz
/Explore/padma-training/CDI,GetModelsForCarMakeId,BSERVICE,8PlzLjWXB6kkMxGAviVKiO
/Explore/padma-training/CDI,MCT Stage Salesforce Accounts,MTT,cXvnNVs6qK5lXr8qVm4IeP