{
  "name" : "padma-training-1554891596246",
  "sourceOrgId" : "4qUjnPqHEAFeILWpynchou",
  "sourceOrgName" : "Informatica",
  "exportedObjects" : [ {
    "objectGuid" : "4hyIMazQWQobvuwQxDDMka",
    "objectName" : "CDI",
    "objectType" : "Folder",
    "path" : "/Explore/padma-training",
    "metadata" : {
      "modelVersion" : {
        "major" : 0,
        "minor" : 0
      },
      "repoInfo" : null,
      "objectRefs" : [ ],
      "contextAttributes" : [ ],
      "additionalInfo" : {
        "description" : "",
        "contentType" : "Binary",
        "documentState" : "COMPLETE"
      }
    }
  }, {
    "objectGuid" : "9phosfpylGMlzLzkTvCtWb",
    "objectName" : "map_Salesforce_to_FF",
    "objectType" : "DTEMPLATE",
    "path" : "/Explore/padma-training",
    "metadata" : {
      "modelVersion" : {
        "major" : 0,
        "minor" : 0
      },
      "repoInfo" : {
        "repoHandle" : "0105SQ1700000000009A"
      },
      "objectRefs" : [ "bbEJ4fOQv8ydQxjOJbyYyN", "97LKhc12sZwaZX9OrW0Lif" ],
      "contextAttributes" : [ {
        "name" : "id",
        "value" : "@1"
      } ],
      "additionalInfo" : {
        "description" : "mapping using parameters to map any Salesforce object to a Flat File",
        "contentType" : "JSON",
        "documentState" : "VALID"
      }
    }
  }, {
    "objectGuid" : "85SMzeGkvc6bfBc9bMIG4R",
    "objectName" : "GetAllMakesCar GetModelsForMake REST to S3",
    "objectType" : "DTEMPLATE",
    "path" : "/Explore/padma-training/CDI",
    "metadata" : {
      "modelVersion" : {
        "major" : 0,
        "minor" : 0
      },
      "repoInfo" : {
        "repoHandle" : "0105SQ1700000000006Z"
      },
      "objectRefs" : [ "aUEN3EJBysZhqm0B7xZRUR", "5uj6mJ1P0QGeUcP6Dxsiu7", "8PlzLjWXB6kkMxGAviVKiO" ],
      "contextAttributes" : [ {
        "name" : "id",
        "value" : "@1"
      } ],
      "additionalInfo" : {
        "description" : "",
        "contentType" : "JSON",
        "documentState" : "VALID"
      }
    }
  }, {
    "objectGuid" : "fm5zDCfxvkSiZ4b1B6bMaH",
    "objectName" : "Informatica Cloud Hosted Agent",
    "objectType" : "AgentGroup",
    "path" : "/SYS",
    "metadata" : {
      "modelVersion" : {
        "major" : 0,
        "minor" : 0
      },
      "repoInfo" : {
        "repoHandle" : "025000000000002"
      },
      "objectRefs" : [ ],
      "contextAttributes" : null,
      "additionalInfo" : {
        "description" : "",
        "contentType" : "JSON",
        "documentState" : "VALID"
      }
    }
  }, {
    "objectGuid" : "lljLR4zESOQfmXF92aXV88",
    "objectName" : "MCT Stage Salesforce Leads",
    "objectType" : "MTT",
    "path" : "/Explore/padma-training/CDI",
    "metadata" : {
      "modelVersion" : {
        "major" : 0,
        "minor" : 0
      },
      "repoInfo" : {
        "repoHandle" : "0105SQ0Z00000000006R"
      },
      "objectRefs" : [ "bbEJ4fOQv8ydQxjOJbyYyN", "h7X85KN2fw3iQ8txpRZuaH", "2kpafFBA5h1bB35rf98cIe", "97LKhc12sZwaZX9OrW0Lif" ],
      "contextAttributes" : [ {
        "name" : "id",
        "value" : "@1"
      } ],
      "additionalInfo" : {
        "description" : "",
        "contentType" : "JSON",
        "documentState" : "VALID"
      }
    }
  }, {
    "objectGuid" : "fJTcjRkCbkEfqrStWHL7KX",
    "objectName" : "Complex Orchestration param & loops",
    "objectType" : "TASKFLOW",
    "path" : "/Explore/padma-training/CDI",
    "metadata" : {
      "modelVersion" : {
        "major" : 1,
        "minor" : 0
      },
      "repoInfo" : {
        "repoHandle" : "vyoY2G7QnG5YLnz-gt-9951919-2019-02-13T11:20:03.935Z::tf.xml"
      },
      "objectRefs" : [ "lljLR4zESOQfmXF92aXV88", "6eVnJuzyJA1lIriK6gdUAv", "cXvnNVs6qK5lXr8qVm4IeP" ],
      "contextAttributes" : null,
      "additionalInfo" : {
        "description" : "",
        "contentType" : "application/json; charset=utf-8",
        "documentState" : "VALID"
      }
    }
  }, {
    "objectGuid" : "aUEN3EJBysZhqm0B7xZRUR",
    "objectName" : "REST_GetAllMakesCar_infaday",
    "objectType" : "Connection",
    "path" : "/SYS",
    "metadata" : {
      "modelVersion" : {
        "major" : 0,
        "minor" : 0
      },
      "repoInfo" : {
        "repoHandle" : "0105SQ0B000000000037"
      },
      "objectRefs" : [ "fm5zDCfxvkSiZ4b1B6bMaH" ],
      "contextAttributes" : [ {
        "name" : "id",
        "value" : "@1"
      } ],
      "additionalInfo" : {
        "description" : null,
        "contentType" : "JSON",
        "documentState" : "COMPLETE"
      }
    }
  }, {
    "objectGuid" : "8oTwuWEnNjafpGZ0bBykwN",
    "objectName" : "acmelogtxtwork",
    "objectType" : "STRUCTURE_DISCOVERY",
    "path" : "/Explore/padma-training",
    "metadata" : {
      "modelVersion" : {
        "major" : 0,
        "minor" : 0
      },
      "repoInfo" : {
        "repoHandle" : "0105SQ30000000000005"
      },
      "objectRefs" : [ ],
      "contextAttributes" : [ {
        "name" : "id",
        "value" : "@1"
      } ],
      "additionalInfo" : {
        "description" : "",
        "contentType" : "JSON",
        "documentState" : "VALID"
      }
    }
  }, {
    "objectGuid" : "5uj6mJ1P0QGeUcP6Dxsiu7",
    "objectName" : "amazons3_infaday",
    "objectType" : "Connection",
    "path" : "/SYS",
    "metadata" : {
      "modelVersion" : {
        "major" : 0,
        "minor" : 0
      },
      "repoInfo" : {
        "repoHandle" : "0105SQ0B000000000039"
      },
      "objectRefs" : [ "fm5zDCfxvkSiZ4b1B6bMaH" ],
      "contextAttributes" : [ {
        "name" : "id",
        "value" : "@1"
      } ],
      "additionalInfo" : {
        "description" : null,
        "contentType" : "JSON",
        "documentState" : "COMPLETE"
      }
    }
  }, {
    "objectGuid" : "7VnetZhXmjVhKEyjomMJUU",
    "objectName" : "SalesforcePadmaMP",
    "objectType" : "AI_CONNECTION",
    "path" : "/Explore/padma-training/CAI",
    "metadata" : {
      "modelVersion" : {
        "major" : 1,
        "minor" : 0
      },
      "repoInfo" : {
        "repoHandle" : "DuC074Rpf6JfOMW-gt-2548935-2019-02-15T08:17:16.483Z::conn.xml"
      },
      "objectRefs" : [ ],
      "contextAttributes" : null,
      "additionalInfo" : {
        "description" : "",
        "contentType" : "application/json; charset=utf-8",
        "documentState" : "VALID"
      }
    }
  }, {
    "objectGuid" : "97LKhc12sZwaZX9OrW0Lif",
    "objectName" : "flatfile_infaday",
    "objectType" : "Connection",
    "path" : "/SYS",
    "metadata" : {
      "modelVersion" : {
        "major" : 0,
        "minor" : 0
      },
      "repoInfo" : {
        "repoHandle" : "0105SQ0B000000000005"
      },
      "objectRefs" : [ "fm5zDCfxvkSiZ4b1B6bMaH" ],
      "contextAttributes" : [ {
        "name" : "id",
        "value" : "@1"
      } ],
      "additionalInfo" : {
        "description" : null,
        "contentType" : "JSON",
        "documentState" : "COMPLETE"
      }
    }
  }, {
    "objectGuid" : "kuecoRzXwUGiWZ6G2aGsYi",
    "objectName" : "REST_GetModelsForMakeId_infaday",
    "objectType" : "Connection",
    "path" : "/SYS",
    "metadata" : {
      "modelVersion" : {
        "major" : 0,
        "minor" : 0
      },
      "repoInfo" : {
        "repoHandle" : "0105SQ0B000000000038"
      },
      "objectRefs" : [ "fm5zDCfxvkSiZ4b1B6bMaH" ],
      "contextAttributes" : [ {
        "name" : "id",
        "value" : "@1"
      } ],
      "additionalInfo" : {
        "description" : null,
        "contentType" : "JSON",
        "documentState" : "COMPLETE"
      }
    }
  }, {
    "objectGuid" : "bbEJ4fOQv8ydQxjOJbyYyN",
    "objectName" : "salesforce_infaday",
    "objectType" : "Connection",
    "path" : "/SYS",
    "metadata" : {
      "modelVersion" : {
        "major" : 0,
        "minor" : 0
      },
      "repoInfo" : {
        "repoHandle" : "0105SQ0B000000000036"
      },
      "objectRefs" : [ "fm5zDCfxvkSiZ4b1B6bMaH" ],
      "contextAttributes" : [ {
        "name" : "id",
        "value" : "@1"
      } ],
      "additionalInfo" : {
        "description" : null,
        "contentType" : "JSON",
        "documentState" : "COMPLETE"
      }
    }
  }, {
    "objectGuid" : "9vUMKkkVMVHkI4kVgzgAiR",
    "objectName" : "map_match_Accounts_Leads_Generate_Opportunities",
    "objectType" : "DTEMPLATE",
    "path" : "/Explore/padma-training/CDI",
    "metadata" : {
      "modelVersion" : {
        "major" : 0,
        "minor" : 0
      },
      "repoInfo" : {
        "repoHandle" : "0105SQ1700000000006Y"
      },
      "objectRefs" : [ "bbEJ4fOQv8ydQxjOJbyYyN", "97LKhc12sZwaZX9OrW0Lif" ],
      "contextAttributes" : [ {
        "name" : "id",
        "value" : "@1"
      } ],
      "additionalInfo" : {
        "description" : "",
        "contentType" : "JSON",
        "documentState" : "VALID"
      }
    }
  }, {
    "objectGuid" : "6gMhn3PexmmbFPEKVnIcGN",
    "objectName" : "CreateContact",
    "objectType" : "PROCESS",
    "path" : "/Explore/padma-training/CAI",
    "metadata" : {
      "modelVersion" : {
        "major" : 1,
        "minor" : 0
      },
      "repoInfo" : {
        "repoHandle" : "3eHRi92qBbbeJOS-gt-2589454-2019-02-15T08:27:57.872Z::pd.xml"
      },
      "objectRefs" : [ ],
      "contextAttributes" : null,
      "additionalInfo" : {
        "description" : "",
        "contentType" : "application/json; charset=utf-8",
        "documentState" : "VALID"
      }
    }
  }, {
    "objectGuid" : "h7X85KN2fw3iQ8txpRZuaH",
    "objectName" : "map_Salesforce_to_FF",
    "objectType" : "DTEMPLATE",
    "path" : "/Explore/padma-training/CDI",
    "metadata" : {
      "modelVersion" : {
        "major" : 0,
        "minor" : 0
      },
      "repoInfo" : {
        "repoHandle" : "0105SQ1700000000006X"
      },
      "objectRefs" : [ "bbEJ4fOQv8ydQxjOJbyYyN", "97LKhc12sZwaZX9OrW0Lif" ],
      "contextAttributes" : [ {
        "name" : "id",
        "value" : "@1"
      } ],
      "additionalInfo" : {
        "description" : "",
        "contentType" : "JSON",
        "documentState" : "VALID"
      }
    }
  }, {
    "objectGuid" : "6UrCC3UoUl2bGY9DYF0oEu",
    "objectName" : "Hello World",
    "objectType" : "PROCESS",
    "path" : "/Explore/padma-training/CAI",
    "metadata" : {
      "modelVersion" : {
        "major" : 1,
        "minor" : 0
      },
      "repoInfo" : {
        "repoHandle" : "pn1Iw8jIw8jIw8j-gt-743987-2019-02-15T06:44:26.249Z::pd.xml"
      },
      "objectRefs" : [ ],
      "contextAttributes" : null,
      "additionalInfo" : {
        "description" : "",
        "contentType" : "application/json; charset=utf-8",
        "documentState" : "VALID"
      }
    }
  }, {
    "objectGuid" : "2kpafFBA5h1bB35rf98cIe",
    "objectName" : "Informatica Day",
    "objectType" : "AgentGroup",
    "path" : "/SYS",
    "metadata" : {
      "modelVersion" : {
        "major" : 0,
        "minor" : 0
      },
      "repoInfo" : {
        "repoHandle" : "0105SQ2500000000000C"
      },
      "objectRefs" : [ ],
      "contextAttributes" : [ {
        "name" : "id",
        "value" : "@1"
      } ],
      "additionalInfo" : {
        "description" : null,
        "contentType" : "JSON",
        "documentState" : "VALID"
      }
    }
  }, {
    "objectGuid" : "4i3E6PGGRZMiun8qxK5Pub",
    "objectName" : "CAI",
    "objectType" : "Folder",
    "path" : "/Explore/padma-training",
    "metadata" : {
      "modelVersion" : {
        "major" : 0,
        "minor" : 0
      },
      "repoInfo" : null,
      "objectRefs" : [ ],
      "contextAttributes" : [ ],
      "additionalInfo" : {
        "description" : "",
        "contentType" : "Binary",
        "documentState" : "COMPLETE"
      }
    }
  }, {
    "objectGuid" : "18wkfzFtwa2ky9zhylK3ue",
    "objectName" : "padma-training",
    "objectType" : "Project",
    "path" : "/Explore",
    "metadata" : {
      "modelVersion" : {
        "major" : 0,
        "minor" : 0
      },
      "repoInfo" : null,
      "objectRefs" : [ ],
      "contextAttributes" : [ ],
      "additionalInfo" : {
        "description" : "",
        "contentType" : "Binary",
        "documentState" : "COMPLETE"
      }
    }
  }, {
    "objectGuid" : "6eVnJuzyJA1lIriK6gdUAv",
    "objectName" : "MCT match_Accconts_Leads_Generate_Opportunities",
    "objectType" : "MTT",
    "path" : "/Explore/padma-training/CDI",
    "metadata" : {
      "modelVersion" : {
        "major" : 0,
        "minor" : 0
      },
      "repoInfo" : {
        "repoHandle" : "0105SQ0Z00000000006S"
      },
      "objectRefs" : [ "bbEJ4fOQv8ydQxjOJbyYyN", "9vUMKkkVMVHkI4kVgzgAiR", "2kpafFBA5h1bB35rf98cIe", "97LKhc12sZwaZX9OrW0Lif" ],
      "contextAttributes" : [ {
        "name" : "id",
        "value" : "@1"
      } ],
      "additionalInfo" : {
        "description" : "",
        "contentType" : "JSON",
        "documentState" : "VALID"
      }
    }
  }, {
    "objectGuid" : "00fXX4WVciBllikOFvI2iz",
    "objectName" : "OpenWeatherMap",
    "objectType" : "AI_SERVICE_CONNECTOR",
    "path" : "/Explore/padma-training/CAI",
    "metadata" : {
      "modelVersion" : {
        "major" : 1,
        "minor" : 0
      },
      "repoInfo" : {
        "repoHandle" : "GKrclvAhrswVYx8-gt-3285836-2019-02-15T09:36:45.525Z::svc.xml"
      },
      "objectRefs" : [ ],
      "contextAttributes" : null,
      "additionalInfo" : {
        "description" : "",
        "contentType" : "application/json; charset=utf-8",
        "documentState" : "VALID"
      }
    }
  }, {
    "objectGuid" : "8PlzLjWXB6kkMxGAviVKiO",
    "objectName" : "GetModelsForCarMakeId",
    "objectType" : "BSERVICE",
    "path" : "/Explore/padma-training/CDI",
    "metadata" : {
      "modelVersion" : {
        "major" : 0,
        "minor" : 0
      },
      "repoInfo" : {
        "repoHandle" : "0105SQ27000000000009"
      },
      "objectRefs" : [ "kuecoRzXwUGiWZ6G2aGsYi" ],
      "contextAttributes" : [ {
        "name" : "id",
        "value" : "@1"
      }, {
        "name" : "0105SQ2800000000000A",
        "value" : "8PlzLjWXB6kkMxGAviVKiO@GetModelsForMakeId"
      } ],
      "additionalInfo" : {
        "description" : "",
        "contentType" : "JSON",
        "documentState" : "VALID"
      }
    }
  }, {
    "objectGuid" : "cXvnNVs6qK5lXr8qVm4IeP",
    "objectName" : "MCT Stage Salesforce Accounts",
    "objectType" : "MTT",
    "path" : "/Explore/padma-training/CDI",
    "metadata" : {
      "modelVersion" : {
        "major" : 0,
        "minor" : 0
      },
      "repoInfo" : {
        "repoHandle" : "0105SQ0Z00000000006Q"
      },
      "objectRefs" : [ "bbEJ4fOQv8ydQxjOJbyYyN", "h7X85KN2fw3iQ8txpRZuaH", "2kpafFBA5h1bB35rf98cIe", "97LKhc12sZwaZX9OrW0Lif" ],
      "contextAttributes" : [ {
        "name" : "id",
        "value" : "@1"
      } ],
      "additionalInfo" : {
        "description" : "",
        "contentType" : "JSON",
        "documentState" : "VALID"
      }
    }
  } ]
}