<aetgt:getResponse xmlns:aetgt="http://schemas.active-endpoints.com/appmodules/repository/2010/10/avrepository.xsd"
                   xmlns:types1="http://schemas.active-endpoints.com/appmodules/repository/2010/10/avrepository.xsd">
   <types1:Item>
      <types1:EntryId>3eHRi92qBbbeJOS-gt-2589454-2019-02-15T08:27:57.872Z::pd.xml</types1:EntryId>
      <types1:Name>CreateContact</types1:Name>
      <types1:MimeType>application/xml+process</types1:MimeType>
      <types1:Description/>
      <types1:AppliesTo/>
      <types1:Tags>.anonymous</types1:Tags>
      <types1:VersionLabel>1.0</types1:VersionLabel>
      <types1:State>CURRENT</types1:State>
      <types1:ProcessGroup/>
      <types1:CreatedBy>rasjoshi@elevate.informatica.com</types1:CreatedBy>
      <types1:CreationDate>2019-02-15T08:27:58Z</types1:CreationDate>
      <types1:ModifiedBy>padmamp@informatica.com</types1:ModifiedBy>
      <types1:ModificationDate>2019-02-27T07:58:25Z</types1:ModificationDate>
      <types1:PublicationStatus>published</types1:PublicationStatus>
      <types1:PublishedBy>padmamp@informatica.com</types1:PublishedBy>
      <types1:PublicationDate>2019-02-27T07:58:29Z</types1:PublicationDate>
      <types1:PublishedContributionId>project:/spi.CreateContact/CreateContact.pd.xml</types1:PublishedContributionId>
      <types1:AutosaveExists>false</types1:AutosaveExists>
      <types1:Entry>
         <process xmlns="http://schemas.active-endpoints.com/appmodules/screenflow/2010/10/avosScreenflow.xsd"
                  xmlns:list="urn:activevos:spi:list:functions"
                  displayName="CreateContact"
                  name="CreateContact">
            <appliesTo/>
            <description/>
            <tags>.anonymous</tags>
            <generator>Informatica Process Designer 10</generator>
            <input>
               <parameter description="" name="name" type="string">
                  <options>
                     <option name="required">false</option>
                  </options>
               </parameter>
            </input>
            <output>
               <field description="" name="flag" type="string">
                  <options>
                     <option name="required">false</option>
                  </options>
               </field>
            </output>
            <notes/>
            <deployment suspendOnFault="false" tracingLevel="none">
               <rest>
                  <allowAnonymousAccess/>
               </rest>
            </deployment>
            <flow id="a">
               <start id="b">
                  <link id="js5sec1v" targetId="js5sec1u"/>
               </start>
               <create id="js5sec1u">
                  <title>Contact</title>
                  <entityName>SalesforcePadmaMP:Contact</entityName>
                  <createInput>
                     <parameter name="LastName" source="field" updatable="true">input.name</parameter>
                  </createInput>
                  <link id="js5t25se" targetId="js5t25sd"/>
               </create>
               <assignment id="js5t25sd">
                  <title>Set Success Message</title>
                  <operation source="constant" to="output.flag">Contact created id : {$output.CreatedContact.Id} </operation>
                  <link id="js5t25sf" targetId="c"/>
               </assignment>
               <end id="c"/>
            </flow>
         </process>
      </types1:Entry>
      <types1:GUID>6gMhn3PexmmbFPEKVnIcGN</types1:GUID>
      <types1:DisplayName>CreateContact</types1:DisplayName>
   </types1:Item>
   <types1:CurrentServerDateTime>2019-04-10T10:20:05.814Z</types1:CurrentServerDateTime>
</aetgt:getResponse>
