<aetgt:getResponse xmlns:aetgt="http://schemas.active-endpoints.com/appmodules/repository/2010/10/avrepository.xsd"
                   xmlns:types1="http://schemas.active-endpoints.com/appmodules/repository/2010/10/avrepository.xsd">
   <types1:Item>
      <types1:EntryId>pn1Iw8jIw8jIw8j-gt-743987-2019-02-15T06:44:26.249Z::pd.xml</types1:EntryId>
      <types1:Name>Hello_World-1</types1:Name>
      <types1:MimeType>application/xml+process</types1:MimeType>
      <types1:Description/>
      <types1:AppliesTo/>
      <types1:Tags>.anonymous</types1:Tags>
      <types1:VersionLabel>1.0</types1:VersionLabel>
      <types1:State>CURRENT</types1:State>
      <types1:ProcessGroup/>
      <types1:CreatedBy>rasjoshi@elevate.informatica.com</types1:CreatedBy>
      <types1:CreationDate>2019-02-15T06:44:26Z</types1:CreationDate>
      <types1:ModifiedBy/>
      <types1:PublicationStatus>published</types1:PublicationStatus>
      <types1:PublishedBy>rasjoshi@elevate.informatica.com</types1:PublishedBy>
      <types1:PublicationDate>2019-02-15T06:47:30Z</types1:PublicationDate>
      <types1:PublishedContributionId>project:/spi.Hello_World-1/Hello_World-1.pd.xml</types1:PublishedContributionId>
      <types1:AutosaveExists>false</types1:AutosaveExists>
      <types1:Entry>
         <process xmlns="http://schemas.active-endpoints.com/appmodules/screenflow/2010/10/avosScreenflow.xsd"
                  xmlns:list="urn:activevos:spi:list:functions"
                  displayName="Hello World"
                  name="Hello_World-1">
            <appliesTo/>
            <description/>
            <tags>.anonymous</tags>
            <generator>Informatica Process Designer 10</generator>
            <input>
               <parameter description="" name="Input" type="string">
                  <options>
                     <option name="required">false</option>
                  </options>
               </parameter>
            </input>
            <output>
               <field description="" name="Output" type="string">
                  <options>
                     <option name="required">false</option>
                  </options>
               </field>
            </output>
            <notes/>
            <deployment suspendOnFault="false" tracingLevel="none">
               <rest>
                  <allowAnonymousAccess/>
               </rest>
            </deployment>
            <flow id="a">
               <start id="b">
                  <link id="js5opfhg" targetId="js5opfhf"/>
               </start>
               <assignment id="js5opfhf">
                  <title>Hello World Assignment</title>
                  <operation source="constant" to="output.Output">Hello {$input.Input}!</operation>
                  <link id="js5opfhh" targetId="c"/>
               </assignment>
               <end id="c"/>
            </flow>
         </process>
      </types1:Entry>
      <types1:GUID>6UrCC3UoUl2bGY9DYF0oEu</types1:GUID>
      <types1:DisplayName>Hello World</types1:DisplayName>
   </types1:Item>
   <types1:CurrentServerDateTime>2019-04-10T10:20:05.822Z</types1:CurrentServerDateTime>
</aetgt:getResponse>
