<aetgt:getResponse xmlns:aetgt="http://schemas.active-endpoints.com/appmodules/repository/2010/10/avrepository.xsd"
                   xmlns:types1="http://schemas.active-endpoints.com/appmodules/repository/2010/10/avrepository.xsd">
   <types1:Item>
      <types1:EntryId>DuC074Rpf6JfOMW-gt-2548935-2019-02-15T08:17:16.483Z::conn.xml</types1:EntryId>
      <types1:Name>SalesforcePadmaMP</types1:Name>
      <types1:ParentFlowIds>3eHRi92qBbbeJOS-gt-2589454-2019-02-15T08:27:57.872Z::pd.xml</types1:ParentFlowIds>
      <types1:MimeType>application/xml+connection</types1:MimeType>
      <types1:Description/>
      <types1:AppliesTo/>
      <types1:Tags/>
      <types1:VersionLabel>1.0</types1:VersionLabel>
      <types1:State>CURRENT</types1:State>
      <types1:ProcessGroup/>
      <types1:CreatedBy>rasjoshi@elevate.informatica.com</types1:CreatedBy>
      <types1:CreationDate>2019-02-15T08:17:16Z</types1:CreationDate>
      <types1:ModifiedBy/>
      <types1:PublicationStatus>published</types1:PublicationStatus>
      <types1:PublishedBy>rasjoshi@elevate.informatica.com</types1:PublishedBy>
      <types1:PublicationDate>2019-02-15T08:36:21Z</types1:PublicationDate>
      <types1:PublishedContributionId>project:/rt.connection/SalesforcePadmaMP/SalesforcePadmaMP.conn.xml</types1:PublishedContributionId>
      <types1:AutosaveExists>false</types1:AutosaveExists>
      <types1:Entry>
         <connection xmlns="http://schemas.informatica.com/socrates/data-services/2014/04/avosConnections.xsd"
                     displayName="SalesforcePadmaMP"
                     label="SalesforcePadmaMP"
                     name="SalesforcePadmaMP">
            <description/>
            <tags/>
            <agent/>
            <attributes/>
            <soaConnector xmlns="http://schemas.informatica.com/appmodules/screenflow/2014/04/avosConnectors.xsd"
                          connectorPath="project:/com.activevos.cumulus.cloud.extend.playbook.configuration/config/sfConnector.xml"
                          name="Salesforce"
                          supportsConnectionTest="true"
                          supportsOData="true"
                          uuid="05fc48f1-e6e1-441b-b700-bac396ca2ed1">
               <description>Salesforce.com SOA based data connector.</description>
            </soaConnector>
            <authentication type="$infa_basicform">
               <attributes>
                  <attribute encrypted="false"
                             name="username"
                             value="infaday_2019@informatica.com"/>
                  <attribute encrypted="true" name="password" value=""/>
                  <attribute encrypted="true" name="token" value=""/>
                  <attribute encrypted="false"
                             name="serviceUrl"
                             value="https://login.salesforce.com/services/Soap/c/40.0"/>
               </attributes>
            </authentication>
         </connection>
      </types1:Entry>
      <types1:GUID>7VnetZhXmjVhKEyjomMJUU</types1:GUID>
      <types1:DisplayName>SalesforcePadmaMP</types1:DisplayName>
   </types1:Item>
   <types1:CurrentServerDateTime>2019-04-10T10:20:05.804Z</types1:CurrentServerDateTime>
</aetgt:getResponse>
